dataset,domain,feature,sample_count,mean,std,q10,median,q90,min,max
metal,simulation,mean,200,-0.7735008103423493,7.6555735413533,-11.477097026619866,-0.11843369862610183,9.084219890588773,-15.311626800917923,12.138664162347402
metal,simulation,std,200,11049.300164098362,77.9289047798645,10930.53185217993,11063.616554939821,11141.559581499532,10894.673192475313,11145.621201107902
metal,simulation,rms,200,11049.302852489935,77.92759852428105,10930.532066671458,11063.619837781409,11141.56005255787,10894.67995482235,11145.62288472336
metal,simulation,peak_abs,200,46933.513145317156,674.2208936223354,46047.37990987562,46887.56244229365,47901.97121271987,45874.77716121931,48154.4366203363
metal,simulation,peak_to_peak,200,92109.79913332281,1292.4151406797243,90408.70709194613,92024.7194678107,93963.01986300803,90075.58245394207,94439.72590429548
metal,simulation,energy_mean_square,200,122093166.23665398,1719589.9213927344,119476531.53157738,122403684.4525725,124134360.41911106,118694051.3180079,124224909.48846908
metal,simulation,crest_factor,200,4.247436829457587,0.03250373038186086,4.212729957490097,4.237994701678143,4.299395322636901,4.210750325062427,4.3204796284951215
metal,simulation,skewness,200,0.006464815939295242,0.0020198297975287365,0.0037164467654722706,0.006457696119221605,0.009043898082392917,0.002904713240758,0.010079396497100757
metal,simulation,kurtosis,200,6.6148552451326665,0.08796557422393503,6.51218019857311,6.597499969122319,6.750243069080969,6.4986804381177,6.7984084059310534
metal,simulation,zero_crossing_rate,200,0.003909240991055015,3.639169419306351e-05,0.0038625108852106925,0.003911292452926969,0.0039618969094074846,0.0038300274149330755,0.003972352427107333
metal,simulation,peak_time_s,200,5.332914413628714e-06,9.830196200233147e-08,5.214451967874619e-06,5.315440104945569e-06,5.4825225242245954e-06,5.1988322550102575e-06,5.53733170134639e-06
metal,simulation,peak_time_fraction,200,0.2666162981571308,0.004915011362936692,0.2606933356103096,0.26574254716396867,0.2740966078638257,0.2599124156704935,0.2768370802562324
metal,simulation,dominant_frequency_hz,200,2418449.616140115,89904.64630400261,2299999.999999932,2399999.999999441,2549999.999999947,2249908.2681015627,2649999.9999996754
metal,simulation,dominant_frequency_fraction,200,0.003880962373042095,0.00014174671172576285,0.003735221523740942,0.0038344783756444458,0.004127616189989986,0.0036686776455242135,0.004206349206349207
metal,simulation,spectral_centroid_hz,200,2454191.3456890234,5185.116443115321,2446882.6493236627,2454261.227644912,2461538.861464288,2445235.620365931,2462147.0842331965
metal,simulation,spectral_centroid_fraction,200,0.003938549393725758,3.0282306070124095e-05,0.0038979001619953682,0.003938554878597281,0.003980030016817326,0.0038841381750933305,0.003990592607696494
metal,simulation,spectral_bandwidth_hz,200,348690.3351091944,65769.41754401574,279133.3888741475,327879.23818986537,455538.6400308224,271287.4441072047,488354.03313456837
metal,simulation,spectral_bandwidth_fraction,200,0.0005589358665085607,0.00010168860796372334,0.00045174395167338593,0.0005289546977165405,0.0007209473496470369,0.00043112823854957226,0.0007729566842902182
metal_10times_dlm,experiment,mean,375,-0.02137547221333334,0.007859460580370854,-0.03058388800000001,-0.02149112000000001,-0.012593520000000023,-0.039485120000000026,0.05082424000000001
metal_10times_dlm,experiment,std,375,1.2292479872245101,0.047203914473980646,1.172874031146369,1.2276801675838904,1.2891721812466312,1.147755067142215,1.3797856074149282
metal_10times_dlm,experiment,rms,375,1.229460216067003,0.0471707820436728,1.1730659136675896,1.2278306632431037,1.289427542096864,1.1478574754733273,1.3800601798472412
metal_10times_dlm,experiment,peak_abs,375,4.5948,0.034469696836496824,4.56,4.59,4.656000000000001,4.49,4.68
metal_10times_dlm,experiment,peak_to_peak,375,8.41288,0.09440183049072715,8.3,8.399999999999999,8.530000000000001,8.26,9.18
metal_10times_dlm,experiment,energy_mean_square,375,1.5137975055701334,0.11700061713220546,1.37608364752,1.5075681376,1.6626233968000002,1.317576784,1.9045660999999998
metal_10times_dlm,experiment,crest_factor,375,3.742830856611791,0.14827390389339093,3.554271334030475,3.7464449599669467,3.924197997756869,3.3404340385433633,4.077161232992073
metal_10times_dlm,experiment,skewness,375,2.202949346507047,0.28573412417646626,1.875263366186509,2.1574171560621034,2.577128695198233,0.6391438017056809,2.7395700471815982
metal_10times_dlm,experiment,kurtosis,375,9.242768985817799,0.8237551454360096,8.269142000268504,9.160294157390435,10.363143911885073,7.072299605532013,11.018525894451825
metal_10times_dlm,experiment,zero_crossing_rate,375,0.017429451435611483,0.006812101346228058,0.012001696013568108,0.017000136001088007,0.023240185921487373,0.006840054720437763,0.11952095616764934
metal_10times_dlm,experiment,peak_time_s,375,1.4347595848e-08,2.199987767656757e-08,1.445375e-08,1.5507422e-08,1.6331249800000003e-08,-4.1085937e-07,1.9230859e-08
metal_10times_dlm,experiment,peak_time_fraction,375,0.029565804542755855,0.0009890223640298505,0.029288234470743996,0.02931223400062307,0.030517043144257714,0.020776166643123813,0.03628829092632741
metal_10times_dlm,experiment,dominant_frequency_hz,375,23466.66666661521,67042.14263334054,19999.999999956144,19999.999999956144,19999.999999956144,19999.999999956144,1319999.9999971054
metal_10times_dlm,experiment,dominant_frequency_fraction,375,1.8773333333333332e-05,5.363371410679003e-05,1.6e-05,1.6e-05,1.6e-05,1.6e-05,0.0010559999999999999
metal_10times_dlm,experiment,spectral_centroid_hz,375,675088.3131637066,143736.2082248277,511950.882179686,673861.689986332,845455.9463862462,437818.4174480443,1723757.2465427623
metal_10times_dlm,experiment,spectral_centroid_fraction,375,0.0005400706505321497,0.00011498896658011428,0.0004095607057446468,0.0005390893519902476,0.00067636475711048,0.00035025473395920346,0.0013790057972372335
metal_10times_dlm,experiment,spectral_bandwidth_hz,375,3286806.124803936,82178.0961289552,3193343.6881429516,3274134.748725578,3385813.444371227,3089781.7065237975,3939633.913375537
metal_10times_dlm,experiment,spectral_bandwidth_fraction,375,0.0026294448998489144,6.574247690330832e-05,0.002554674950519963,0.0026193077989862057,0.002708650755502921,0.002471825365224458,0.00315170713070734
silicon,simulation,mean,200,5.88416759965576e-06,6.265836779530582e-05,-7.375994570208005e-05,1.2850517329813994e-05,8.117073180453549e-05,-0.00012445781948105668,9.634943146043709e-05
silicon,simulation,std,200,0.04755341212341519,0.0007408428630103811,0.04653717155734104,0.04755483945355258,0.04857258883696745,0.04626903314863952,0.04879328029808647
silicon,simulation,rms,200,0.04755345410903958,0.0007408209776955554,0.04653723003720979,0.04755486063916234,0.04857261712897952,0.04626919729049845,0.048793290621396784
silicon,simulation,peak_abs,200,0.13632876459673723,0.00092879612339554,0.1350406379827918,0.1363241189337338,0.13757756543314117,0.13471991407517744,0.13789331466194216
silicon,simulation,peak_to_peak,200,0.26901022190069585,0.002112780435151432,0.2660816810854147,0.26902034605008746,0.27188272104225053,0.26533749645059934,0.2725554643979713
silicon,simulation,energy_mean_square,200,0.0022618798134215272,7.04477209961497e-05,0.0021657137930047067,0.0022614648137229748,0.002359299147425347,0.002140838617907069,0.002380785209664087
silicon,simulation,crest_factor,200,2.8672448414994975,0.025152098677907925,2.8324099839984513,2.866670586658263,2.90178771842932,2.826071226306539,2.911654447544148
silicon,simulation,skewness,200,-0.002079908043325212,0.00328977803088879,-0.0064786245613382065,-0.0022631502329046992,0.0022080860794256103,-0.0074596378090642165,0.003966481170974939
silicon,simulation,kurtosis,200,2.744216032869208,0.044666950515165796,2.6816282518592445,2.745528428022163,2.8034469188252933,2.67036055601172,2.8208968593121826
silicon,simulation,zero_crossing_rate,200,0.0161281371974315,0.000157547578351617,0.01592192363539259,0.016125452539845708,0.016352257387326232,0.015826061233545335,0.016400775309378262
silicon,simulation,peak_time_s,200,2.879599239883615e-06,1.642305117689387e-08,2.8571008712081452e-06,2.8796785536250842e-06,2.9019052749272342e-06,2.8516998827667062e-06,2.9079939668174963e-06
silicon,simulation,peak_time_fraction,200,0.14385258605078644,0.0008201973145318454,0.1427289334702192,0.14385651586249618,0.14496658279017147,0.14245932874102302,0.14527077990647155
silicon,simulation,dominant_frequency_hz,200,2738250.0000000056,161088.29100837588,2749999.9999995944,2799999.9999998836,2849999.999999513,2249999.999999793,2850000.0000005267
silicon,simulation,dominant_frequency_fraction,200,0.01629762536457136,0.0009898561871042526,0.016469284817100346,0.016583256847732514,0.01673902151420443,0.013235294117647059,0.016763957491393502
silicon,simulation,spectral_centroid_hz,200,2564012.9842563285,4220.21693713107,2558664.9956380078,2563446.494249884,2570709.4192024106,2557430.9220833112,2573212.3991904
silicon,simulation,spectral_centroid_fraction,200,0.015258695764766182,0.00010858112418682296,0.015119397449252569,0.015259745496839342,0.015401644543841485,0.015039058003733185,0.015443884845177738
silicon,simulation,spectral_bandwidth_hz,200,448796.3227386424,116500.00278760612,300033.3469135734,448520.646848537,613042.8383262525,279935.37876158324,700722.4052674344
silicon,simulation,spectral_bandwidth_fraction,200,0.0026694069509327024,0.0006856468563379412,0.0017749547711139475,0.002672569883954591,0.003605187499462599,0.0016817986107635124,0.004126144002752332
wumu,simulation,mean,1000,-3.129803279575547,45.22525258113505,-72.69437213140343,-4.132071730729859,57.03368357488649,-96.26659168015712,98.57685463398364
wumu,simulation,std,1000,19297.49889709841,297.39232381692915,18846.783079387937,19350.837537712803,19639.90161049027,18717.805175805664,19710.45357357594
wumu,simulation,rms,1000,19297.55148865124,297.43493368051,18846.784143167955,19350.919787662988,19640.119333802904,18717.806146878036,19710.506107955185
wumu,simulation,peak_abs,1000,78015.70285553623,1975.5806839161962,75352.48504561433,77973.33858124526,80763.74414489162,74763.03393191072,81607.91675659837
wumu,simulation,peak_to_peak,1000,153418.44415305316,3881.554136046165,148197.11848765064,153335.7539819669,158852.8596983478,147018.11715985517,160462.5818136942
wumu,simulation,energy_mean_square,1000,372483960.99691916,11447511.203615969,355201272.69497824,374458097.1057738,385734287.6085979,350356266.95210516,388504051.0317387
wumu,simulation,crest_factor,1000,4.042185446004019,0.042376204895625234,3.9979688981108152,4.028633386079045,4.112189883798323,3.9917282149266478,4.140325789182111
wumu,simulation,skewness,1000,0.0002201057631356407,0.0035417274024353526,-0.005083211168777731,0.0003908820217522152,0.004814538027304402,-0.007401430950281789,0.007445658505581135
wumu,simulation,kurtosis,1000,6.513445449198738,0.2026327330020646,6.312791954763723,6.436529667544996,6.867362437548057,6.294372402659634,6.990264864460735
wumu,simulation,zero_crossing_rate,1000,0.03150924472949669,0.0012477577948763483,0.029494822717288986,0.03170731707317073,0.03312693498452012,0.028879720723579815,0.03472868217054263
wumu,simulation,peak_time_s,1000,4.784761210233735e-06,7.948531529214993e-08,4.678047319556754e-06,4.782742681047766e-06,4.896936624907664e-06,4.651992861392029e-06,4.928183849345675e-06
wumu,simulation,peak_time_fraction,1000,0.23900354104312418,0.003970685414949947,0.2336728579988017,0.23890258939580764,0.2446072825590447,0.23237131806010114,0.24616858237547887
wumu,simulation,dominant_frequency_hz,1000,2529449.9999999907,139320.4848541702,2350000.000000156,2499999.999999974,2749999.9999999446,2249999.999999789,2800000.0000001756
wumu,simulation,dominant_frequency_fraction,1000,0.031177723124324794,0.0017254008513483568,0.02993973835767955,0.03020030816640986,0.03354455472299752,0.026825633383010434,0.033634381812519466
wumu,simulation,spectral_centroid_hz,1000,2529862.04929087,6642.163340887818,2524573.678464063,2526537.8649698314,2541342.5700365882,2521605.6879550694,2548127.158326791
wumu,simulation,spectral_centroid_fraction,1000,0.03118978565673524,0.0006880251681440977,0.03025585340027097,0.03112234617328341,0.032139944332379496,0.03004893577283438,0.032412552976967796
wumu,simulation,spectral_bandwidth_hz,1000,442442.7699860531,170995.66927252815,287943.1037881107,354177.6756745395,734676.6824320582,284029.6349766684,836860.2014799411
wumu,simulation,spectral_bandwidth_fraction,1000,0.005486374016423785,0.0022100164737559854,0.0034580766532458012,0.004399523141799172,0.009308008335956007,0.0033904071390373374,0.010573091616928706
wumu_post0_waveforms,experiment,mean,213,-0.00029285215422444574,0.00016116989308232493,-0.0005146759801684525,-0.00028202823637248704,-9.804658942337793e-05,-0.0006639326966715588,6.998690957987594e-05
wumu_post0_waveforms,experiment,std,213,0.7342492926506794,0.29172935502517,0.40344879975832915,0.6667910989716163,1.1735839534017996,0.3174645076793629,1.5070234893524035
wumu_post0_waveforms,experiment,rms,213,0.7342493925038472,0.2917292952160863,0.4034490573593943,0.6667912341598397,1.1735839596130908,0.31746460534643284,1.5070234959138502
wumu_post0_waveforms,experiment,peak_abs,213,6.58871502087557,1.8105555005722709,3.6395884504663027,7.257884330374264,8.351043187173426,2.9353951243783554,8.527312052877441
wumu_post0_waveforms,experiment,peak_to_peak,213,12.802427729647407,3.74186198666403,6.6480229788934375,14.180733956030744,16.364396210816647,5.484251117525152,16.69545022713202
wumu_post0_waveforms,experiment,energy_mean_square,213,0.6242281520795432,0.5037883116402809,0.16277180127931332,0.4446105499524021,1.3773049970197389,0.10078377564776636,2.271119817236402
wumu_post0_waveforms,experiment,crest_factor,213,9.387568002346526,1.6306376558270788,7.067041989518505,9.654189889182687,11.535138876375793,5.392064313316992,12.926293340663038
wumu_post0_waveforms,experiment,skewness,213,0.6458416222788962,0.37941071327625325,0.08132243422500382,0.6670044555304456,1.149955124317078,-0.05228871825365887,1.5687843121048048
wumu_post0_waveforms,experiment,kurtosis,213,36.31324210545683,8.552959011411001,24.291840473592963,36.852922598826986,47.33275476533955,14.568512085208429,53.791014782381986
wumu_post0_waveforms,experiment,zero_crossing_rate,213,0.004023381290027414,0.0002750819806286669,0.0036924213052709313,0.004000123080710176,0.004424751530816333,0.0035693405950952338,0.004984768762115757
wumu_post0_waveforms,experiment,peak_time_s,213,9.624244131455398e-07,6.444802176586138e-07,3.733600000000066e-07,7.556000000000047e-07,2.1435999999999993e-06,2.795999999999985e-07,2.2924000000000007e-06
wumu_post0_waveforms,experiment,peak_time_fraction,213,0.07546479942250299,0.02478846340112827,0.05280777870088315,0.06750976953137028,0.12089602757007908,0.049201513892735145,0.1266192805932491
wumu_post0_waveforms,experiment,dominant_frequency_hz,213,2387143.3730637417,158845.28186310237,2192307.6923121703,2384615.3846202553,2576923.0769283404,2038461.538465702,2576923.0769283404
wumu_post0_waveforms,experiment,dominant_frequency_fraction,213,0.003819429396894186,0.0002541524509804448,0.0035076923076923085,0.003815384615384616,0.004123076923076924,0.003261538461538462,0.004123076923076924
wumu_post0_waveforms,experiment,spectral_centroid_hz,213,3474075.2753798957,498978.53982829006,2658138.9634781815,3629357.572046998,4000015.8722788775,2417310.416159047,4263234.975253406
wumu_post0_waveforms,experiment,spectral_centroid_fraction,213,0.005558520440596479,0.0007983656637236334,0.004253022341556404,0.005806972115263337,0.006400025395633132,0.0038676966658465757,0.006821175960391518
wumu_post0_waveforms,experiment,spectral_bandwidth_hz,213,2532072.578301197,676177.556468406,1457332.5421035183,2707444.047675107,3277227.6784919873,1036377.1987148583,3539123.2470922126
wumu_post0_waveforms,experiment,spectral_bandwidth_fraction,213,0.004051316125273642,0.00108188409034724,0.002331732067360867,0.004331910476271324,0.00524356428557647,0.0016582035179403866,0.005662597195335975
